dir, label
0none/3541none.jpg,0
2smile/2290smile.jpg,2
1pouting/1162pouting.jpg,1
0none/4491none.jpg,0
2smile/2398smile.jpg,2
2smile/626smile.jpg,2
0none/2997none.jpg,0
2smile/3807smile.jpg,2
0none/4631none.jpg,0
0none/3708none.jpg,0
0none/2415none.jpg,0
2smile/4257smile.jpg,2
2smile/2416smile.jpg,2
1pouting/2289pouting.jpg,1
3openmouth/948open.jpg,3
1pouting/642pouting.jpg,1
0none/2828none.jpg,0
2smile/359smile.jpg,2
1pouting/839pouting.jpg,1
2smile/3436smile.jpg,2
1pouting/1737pouting.jpg,1
2smile/2077smile.jpg,2
2smile/4174smile.jpg,2
1pouting/461pouting.jpg,1
2smile/4004smile.jpg,2
0none/4578none.jpg,0
1pouting/1287pouting.jpg,1
1pouting/1306pouting.jpg,1
1pouting/2906pouting.jpg,1
2smile/1207smile.jpg,2
3openmouth/934open.jpg,3
3openmouth/72open.jpg,3
1pouting/2575pouting.jpg,1
2smile/2712smile.jpg,2
3openmouth/105open.jpg,3
2smile/2258smile.jpg,2
2smile/599smile.jpg,2
0none/3612none.jpg,0
2smile/2449smile.jpg,2
0none/3174none.jpg,0
1pouting/2850pouting.jpg,1
1pouting/2814pouting.jpg,1
0none/716none.jpg,0
2smile/2573smile.jpg,2
3openmouth/238open.jpg,3
2smile/917smile.jpg,2
0none/3079none.jpg,0
1pouting/787pouting.jpg,1
0none/4148none.jpg,0
0none/4312none.jpg,0
3openmouth/1653open.jpg,3
1pouting/708pouting.jpg,1
1pouting/1932pouting.jpg,1
3openmouth/62open.jpg,3
1pouting/3150pouting.jpg,1
0none/707none.jpg,0
2smile/1141smile.jpg,2
0none/4282none.jpg,0
0none/4188none.jpg,0
2smile/1390smile.jpg,2
0none/3203none.jpg,0
2smile/1980smile.jpg,2
0none/1952none.jpg,0
2smile/1900smile.jpg,2
0none/3044none.jpg,0
1pouting/2465pouting.jpg,1
3openmouth/135open.jpg,3
0none/3499none.jpg,0
2smile/2259smile.jpg,2
2smile/3220smile.jpg,2
0none/1439none.jpg,0
3openmouth/2040open.jpg,3
2smile/8smile.jpg,2
0none/3507none.jpg,0
3openmouth/159open.jpg,3
3openmouth/290open.jpg,3
3openmouth/1350open.jpg,3
0none/1112none.jpg,0
0none/1920none.jpg,0
2smile/1264smile.jpg,2
2smile/92smile.jpg,2
2smile/2489smile.jpg,2
2smile/2179smile.jpg,2
0none/4599none.jpg,0
2smile/2569smile.jpg,2
0none/3483none.jpg,0
1pouting/1673pouting.jpg,1
1pouting/553pouting.jpg,1
1pouting/1612pouting.jpg,1
2smile/2771smile.jpg,2
0none/3457none.jpg,0
0none/1688none.jpg,0
1pouting/1867pouting.jpg,1
0none/3245none.jpg,0
0none/4185none.jpg,0
3openmouth/61open.jpg,3
0none/2909none.jpg,0
0none/2249none.jpg,0
1pouting/990pouting.jpg,1
0none/1511none.jpg,0
2smile/220smile.jpg,2
3openmouth/333open.jpg,3
1pouting/1723pouting.jpg,1
2smile/2002smile.jpg,2
2smile/326smile.jpg,2
0none/3418none.jpg,0
0none/2801none.jpg,0
3openmouth/166open.jpg,3
2smile/852smile.jpg,2
1pouting/2255pouting.jpg,1
3openmouth/178open.jpg,3
0none/2775none.jpg,0
1pouting/199pouting.jpg,1
1pouting/1282pouting.jpg,1
0none/371none.jpg,0
1pouting/605pouting.jpg,1
0none/3754none.jpg,0
1pouting/2542pouting.jpg,1
2smile/1621smile.jpg,2
2smile/4253smile.jpg,2
3openmouth/55open.jpg,3
3openmouth/715open.jpg,3
0none/4057none.jpg,0
1pouting/2662pouting.jpg,1
2smile/4639smile.jpg,2
3openmouth/2130open.jpg,3
0none/29none.jpg,0
2smile/2594smile.jpg,2
1pouting/516pouting.jpg,1
0none/1947none.jpg,0
2smile/4034smile.jpg,2
1pouting/1115pouting.jpg,1
1pouting/1666pouting.jpg,1
0none/4398none.jpg,0
1pouting/562pouting.jpg,1
1pouting/935pouting.jpg,1
1pouting/2770pouting.jpg,1
1pouting/666pouting.jpg,1
2smile/188smile.jpg,2
2smile/1788smile.jpg,2
0none/142none.jpg,0
0none/3930none.jpg,0
0none/2244none.jpg,0
1pouting/1529pouting.jpg,1
3openmouth/1939open.jpg,3
1pouting/2563pouting.jpg,1
0none/858none.jpg,0
3openmouth/1348open.jpg,3
1pouting/2309pouting.jpg,1
2smile/2285smile.jpg,2
0none/2516none.jpg,0
0none/3554none.jpg,0
3openmouth/1182open.jpg,3
1pouting/2176pouting.jpg,1
2smile/549smile.jpg,2
2smile/4605smile.jpg,2
1pouting/1908pouting.jpg,1
1pouting/1490pouting.jpg,1
2smile/2022smile.jpg,2
1pouting/2137pouting.jpg,1
2smile/2796smile.jpg,2
2smile/2438smile.jpg,2
2smile/3298smile.jpg,2
1pouting/3145pouting.jpg,1
3openmouth/673open.jpg,3
2smile/4428smile.jpg,2
0none/322none.jpg,0
0none/1275none.jpg,0
1pouting/1046pouting.jpg,1
0none/660none.jpg,0
2smile/4398smile.jpg,2
2smile/2149smile.jpg,2
0none/4015none.jpg,0
0none/275none.jpg,0
0none/3213none.jpg,0
0none/1780none.jpg,0
1pouting/130pouting.jpg,1
0none/1634none.jpg,0
0none/1038none.jpg,0
2smile/2016smile.jpg,2
2smile/807smile.jpg,2
0none/2144none.jpg,0
2smile/1533smile.jpg,2
2smile/2776smile.jpg,2
3openmouth/316open.jpg,3
3openmouth/1099open.jpg,3
3openmouth/463open.jpg,3
3openmouth/145open.jpg,3
2smile/3036smile.jpg,2
2smile/1577smile.jpg,2
3openmouth/116open.jpg,3
0none/1035none.jpg,0
1pouting/766pouting.jpg,1
3openmouth/1372open.jpg,3
1pouting/141pouting.jpg,1
0none/102none.jpg,0
2smile/1304smile.jpg,2
1pouting/1501pouting.jpg,1
1pouting/1991pouting.jpg,1
1pouting/2804pouting.jpg,1
1pouting/2239pouting.jpg,1
2smile/409smile.jpg,2
2smile/1743smile.jpg,2
2smile/1618smile.jpg,2
0none/2055none.jpg,0
0none/3025none.jpg,0
2smile/4095smile.jpg,2
0none/4421none.jpg,0
3openmouth/2open.jpg,3
0none/2404none.jpg,0
2smile/4229smile.jpg,2
1pouting/210pouting.jpg,1
2smile/3295smile.jpg,2
3openmouth/1927open.jpg,3
2smile/506smile.jpg,2
0none/180none.jpg,0
0none/2085none.jpg,0
0none/3143none.jpg,0
2smile/1338smile.jpg,2
0none/937none.jpg,0
0none/110none.jpg,0
0none/4585none.jpg,0
0none/4134none.jpg,0
0none/2889none.jpg,0
2smile/3192smile.jpg,2
2smile/971smile.jpg,2
2smile/1818smile.jpg,2
0none/4736none.jpg,0
2smile/3214smile.jpg,2
2smile/4444smile.jpg,2
1pouting/85pouting.jpg,1
2smile/2238smile.jpg,2
1pouting/1160pouting.jpg,1
3openmouth/1749open.jpg,3
1pouting/1463pouting.jpg,1
3openmouth/1994open.jpg,3
2smile/3497smile.jpg,2
0none/1544none.jpg,0
2smile/2017smile.jpg,2
3openmouth/1758open.jpg,3
3openmouth/2008open.jpg,3
1pouting/1081pouting.jpg,1
3openmouth/2143open.jpg,3
0none/3142none.jpg,0
2smile/2757smile.jpg,2
0none/99none.jpg,0
3openmouth/1766open.jpg,3
0none/2640none.jpg,0
2smile/4831smile.jpg,2
0none/1548none.jpg,0
2smile/4270smile.jpg,2
2smile/2482smile.jpg,2
0none/4654none.jpg,0
0none/1307none.jpg,0
0none/4608none.jpg,0
0none/533none.jpg,0
2smile/2058smile.jpg,2
0none/2994none.jpg,0
1pouting/886pouting.jpg,1
2smile/97smile.jpg,2
3openmouth/2017open.jpg,3
1pouting/2201pouting.jpg,1
0none/2056none.jpg,0
2smile/1109smile.jpg,2
2smile/4419smile.jpg,2
2smile/4352smile.jpg,2
0none/1824none.jpg,0
2smile/3038smile.jpg,2
3openmouth/1931open.jpg,3
2smile/2176smile.jpg,2
1pouting/2350pouting.jpg,1
1pouting/2953pouting.jpg,1
2smile/2233smile.jpg,2
3openmouth/1737open.jpg,3
3openmouth/2341open.jpg,3
3openmouth/629open.jpg,3
1pouting/147pouting.jpg,1
1pouting/2344pouting.jpg,1
1pouting/181pouting.jpg,1
0none/1981none.jpg,0
3openmouth/577open.jpg,3
0none/2835none.jpg,0
0none/4387none.jpg,0
0none/2414none.jpg,0
3openmouth/1882open.jpg,3
3openmouth/1903open.jpg,3
0none/1159none.jpg,0
3openmouth/2103open.jpg,3
0none/383none.jpg,0
2smile/2572smile.jpg,2
1pouting/2634pouting.jpg,1
1pouting/192pouting.jpg,1
2smile/2015smile.jpg,2
2smile/1566smile.jpg,2
3openmouth/492open.jpg,3
3openmouth/183open.jpg,3
1pouting/1777pouting.jpg,1
1pouting/3056pouting.jpg,1
0none/4095none.jpg,0
2smile/670smile.jpg,2
3openmouth/1247open.jpg,3
2smile/1462smile.jpg,2
1pouting/2664pouting.jpg,1
2smile/376smile.jpg,2
0none/632none.jpg,0
2smile/2060smile.jpg,2
0none/3764none.jpg,0
2smile/1293smile.jpg,2
0none/1536none.jpg,0
3openmouth/1852open.jpg,3
1pouting/464pouting.jpg,1
2smile/4663smile.jpg,2
0none/1216none.jpg,0
3openmouth/1971open.jpg,3
0none/313none.jpg,0
3openmouth/1205open.jpg,3
2smile/4123smile.jpg,2
2smile/4765smile.jpg,2
1pouting/662pouting.jpg,1
2smile/569smile.jpg,2
0none/3864none.jpg,0
0none/1522none.jpg,0
1pouting/763pouting.jpg,1
2smile/164smile.jpg,2
2smile/2609smile.jpg,2
0none/4097none.jpg,0
0none/3602none.jpg,0
0none/926none.jpg,0
2smile/2763smile.jpg,2
3openmouth/2037open.jpg,3
0none/4676none.jpg,0
0none/332none.jpg,0
1pouting/644pouting.jpg,1
0none/4118none.jpg,0
2smile/4813smile.jpg,2
3openmouth/2241open.jpg,3
1pouting/2300pouting.jpg,1
2smile/313smile.jpg,2
0none/484none.jpg,0
0none/2341none.jpg,0
3openmouth/1139open.jpg,3
3openmouth/950open.jpg,3
2smile/4560smile.jpg,2
3openmouth/1558open.jpg,3
0none/1961none.jpg,0
0none/3450none.jpg,0
2smile/2246smile.jpg,2
0none/3021none.jpg,0
1pouting/2471pouting.jpg,1
0none/669none.jpg,0
0none/1912none.jpg,0
0none/978none.jpg,0
2smile/4456smile.jpg,2
1pouting/1571pouting.jpg,1
2smile/662smile.jpg,2
3openmouth/947open.jpg,3
1pouting/1272pouting.jpg,1
2smile/4387smile.jpg,2
3openmouth/1010open.jpg,3
0none/1625none.jpg,0
3openmouth/989open.jpg,3
2smile/3647smile.jpg,2
0none/2034none.jpg,0
0none/3779none.jpg,0
0none/3193none.jpg,0
0none/2725none.jpg,0
2smile/211smile.jpg,2
1pouting/871pouting.jpg,1
0none/4633none.jpg,0
2smile/4580smile.jpg,2
0none/2626none.jpg,0
0none/2986none.jpg,0
0none/2728none.jpg,0
0none/4510none.jpg,0
0none/865none.jpg,0
0none/1667none.jpg,0
0none/3294none.jpg,0
0none/1545none.jpg,0
0none/2019none.jpg,0
2smile/3151smile.jpg,2
1pouting/575pouting.jpg,1
2smile/1509smile.jpg,2
3openmouth/1332open.jpg,3
1pouting/1354pouting.jpg,1
1pouting/3119pouting.jpg,1
2smile/1485smile.jpg,2
0none/4060none.jpg,0
0none/885none.jpg,0
0none/363none.jpg,0
3openmouth/2074open.jpg,3
0none/2043none.jpg,0
2smile/4808smile.jpg,2
3openmouth/792open.jpg,3
2smile/2867smile.jpg,2
1pouting/1167pouting.jpg,1
0none/1896none.jpg,0
1pouting/684pouting.jpg,1
3openmouth/677open.jpg,3
1pouting/2609pouting.jpg,1
3openmouth/2256open.jpg,3
0none/2016none.jpg,0
1pouting/1236pouting.jpg,1
3openmouth/2033open.jpg,3
0none/4010none.jpg,0
0none/4440none.jpg,0
0none/4740none.jpg,0
0none/1553none.jpg,0
1pouting/1204pouting.jpg,1
1pouting/263pouting.jpg,1
0none/3116none.jpg,0
0none/2400none.jpg,0
0none/4682none.jpg,0
0none/38none.jpg,0
1pouting/1601pouting.jpg,1
3openmouth/417open.jpg,3
0none/1220none.jpg,0
0none/1984none.jpg,0
2smile/2942smile.jpg,2
3openmouth/874open.jpg,3
3openmouth/2031open.jpg,3
2smile/2292smile.jpg,2
3openmouth/457open.jpg,3
3openmouth/2069open.jpg,3
2smile/4226smile.jpg,2
1pouting/2110pouting.jpg,1
0none/2093none.jpg,0
1pouting/1121pouting.jpg,1
1pouting/2650pouting.jpg,1
3openmouth/2093open.jpg,3
2smile/4244smile.jpg,2
1pouting/2077pouting.jpg,1
0none/1009none.jpg,0
0none/504none.jpg,0
1pouting/1883pouting.jpg,1
1pouting/2001pouting.jpg,1
0none/4058none.jpg,0
1pouting/2085pouting.jpg,1
1pouting/2568pouting.jpg,1
0none/1838none.jpg,0
1pouting/59pouting.jpg,1
0none/4395none.jpg,0
2smile/4214smile.jpg,2
0none/3629none.jpg,0
2smile/2881smile.jpg,2
3openmouth/367open.jpg,3
0none/1144none.jpg,0
0none/1163none.jpg,0
2smile/4181smile.jpg,2
0none/3248none.jpg,0
3openmouth/498open.jpg,3
1pouting/2091pouting.jpg,1
0none/1812none.jpg,0
0none/553none.jpg,0
1pouting/2565pouting.jpg,1
0none/466none.jpg,0
2smile/2781smile.jpg,2
0none/4642none.jpg,0
0none/3955none.jpg,0
2smile/2751smile.jpg,2
2smile/694smile.jpg,2
3openmouth/2094open.jpg,3
1pouting/826pouting.jpg,1
2smile/4100smile.jpg,2
3openmouth/1897open.jpg,3
2smile/3832smile.jpg,2
0none/2385none.jpg,0
1pouting/46pouting.jpg,1
2smile/4250smile.jpg,2
1pouting/1897pouting.jpg,1
2smile/404smile.jpg,2
0none/84none.jpg,0
2smile/1908smile.jpg,2
0none/2674none.jpg,0
0none/177none.jpg,0
0none/3755none.jpg,0
1pouting/1426pouting.jpg,1
3openmouth/2043open.jpg,3
2smile/3539smile.jpg,2
2smile/1678smile.jpg,2
0none/3492none.jpg,0
2smile/4088smile.jpg,2
0none/3604none.jpg,0
2smile/3183smile.jpg,2
0none/2558none.jpg,0
3openmouth/2134open.jpg,3
1pouting/1660pouting.jpg,1
2smile/3519smile.jpg,2
2smile/3925smile.jpg,2
3openmouth/1626open.jpg,3
0none/810none.jpg,0
1pouting/1971pouting.jpg,1
3openmouth/815open.jpg,3
0none/141none.jpg,0
0none/4024none.jpg,0
1pouting/2548pouting.jpg,1
1pouting/1625pouting.jpg,1
2smile/4009smile.jpg,2
2smile/4766smile.jpg,2
2smile/2613smile.jpg,2
2smile/296smile.jpg,2
0none/4179none.jpg,0
0none/657none.jpg,0
0none/2477none.jpg,0
3openmouth/1089open.jpg,3
2smile/4046smile.jpg,2
1pouting/2824pouting.jpg,1
2smile/4538smile.jpg,2
2smile/1046smile.jpg,2
1pouting/2825pouting.jpg,1
1pouting/2217pouting.jpg,1
0none/2913none.jpg,0
0none/3845none.jpg,0
0none/3698none.jpg,0
0none/1102none.jpg,0
0none/296none.jpg,0
2smile/4041smile.jpg,2
3openmouth/731open.jpg,3
2smile/3813smile.jpg,2
2smile/1281smile.jpg,2
0none/4385none.jpg,0
0none/4532none.jpg,0
0none/4233none.jpg,0
0none/1750none.jpg,0
1pouting/1580pouting.jpg,1
2smile/3573smile.jpg,2
3openmouth/1093open.jpg,3
2smile/4503smile.jpg,2
2smile/2194smile.jpg,2
0none/2784none.jpg,0
0none/447none.jpg,0
1pouting/1691pouting.jpg,1
3openmouth/1630open.jpg,3
2smile/2640smile.jpg,2
0none/4610none.jpg,0
0none/756none.jpg,0
2smile/1403smile.jpg,2
2smile/3507smile.jpg,2
0none/282none.jpg,0
1pouting/2522pouting.jpg,1
0none/535none.jpg,0
1pouting/1331pouting.jpg,1
0none/1799none.jpg,0
0none/3005none.jpg,0
2smile/4643smile.jpg,2
0none/4195none.jpg,0
2smile/2425smile.jpg,2
1pouting/565pouting.jpg,1
0none/2959none.jpg,0
0none/1370none.jpg,0
0none/2935none.jpg,0
2smile/1996smile.jpg,2
2smile/688smile.jpg,2
2smile/4803smile.jpg,2
0none/927none.jpg,0
2smile/2800smile.jpg,2
2smile/2307smile.jpg,2
3openmouth/872open.jpg,3
2smile/1749smile.jpg,2
1pouting/988pouting.jpg,1
3openmouth/428open.jpg,3
2smile/1427smile.jpg,2
2smile/625smile.jpg,2
3openmouth/1008open.jpg,3
2smile/4379smile.jpg,2
2smile/4384smile.jpg,2
1pouting/631pouting.jpg,1
0none/1131none.jpg,0
2smile/2486smile.jpg,2
1pouting/63pouting.jpg,1
2smile/3142smile.jpg,2
1pouting/206pouting.jpg,1
2smile/4377smile.jpg,2
0none/2580none.jpg,0
1pouting/431pouting.jpg,1
3openmouth/2297open.jpg,3
0none/1424none.jpg,0
0none/503none.jpg,0
1pouting/727pouting.jpg,1
1pouting/1323pouting.jpg,1
1pouting/2925pouting.jpg,1
3openmouth/215open.jpg,3
2smile/1181smile.jpg,2
0none/1886none.jpg,0
3openmouth/141open.jpg,3
0none/458none.jpg,0
2smile/171smile.jpg,2
0none/1366none.jpg,0
1pouting/1973pouting.jpg,1
3openmouth/1313open.jpg,3
3openmouth/1414open.jpg,3
0none/2702none.jpg,0
2smile/4543smile.jpg,2
3openmouth/1667open.jpg,3
0none/1389none.jpg,0
1pouting/2073pouting.jpg,1
3openmouth/1312open.jpg,3
2smile/2899smile.jpg,2
3openmouth/1745open.jpg,3
1pouting/10pouting.jpg,1
0none/3750none.jpg,0
0none/4509none.jpg,0
2smile/1093smile.jpg,2
0none/4259none.jpg,0
0none/2785none.jpg,0
0none/4228none.jpg,0
2smile/4507smile.jpg,2
1pouting/679pouting.jpg,1
1pouting/1045pouting.jpg,1
1pouting/1279pouting.jpg,1
2smile/81smile.jpg,2
2smile/2400smile.jpg,2
3openmouth/693open.jpg,3
2smile/4388smile.jpg,2
3openmouth/1940open.jpg,3
0none/2471none.jpg,0
3openmouth/208open.jpg,3
1pouting/2472pouting.jpg,1
1pouting/2827pouting.jpg,1
0none/1123none.jpg,0
2smile/4219smile.jpg,2
2smile/2624smile.jpg,2
0none/4546none.jpg,0
2smile/2852smile.jpg,2
0none/2891none.jpg,0
0none/4250none.jpg,0
0none/1155none.jpg,0
2smile/12smile.jpg,2
3openmouth/40open.jpg,3
0none/393none.jpg,0
3openmouth/1012open.jpg,3
3openmouth/311open.jpg,3
1pouting/1435pouting.jpg,1
2smile/470smile.jpg,2
0none/2115none.jpg,0
1pouting/1881pouting.jpg,1
3openmouth/1362open.jpg,3
1pouting/2930pouting.jpg,1
2smile/2677smile.jpg,2
2smile/1693smile.jpg,2
0none/2876none.jpg,0
2smile/4501smile.jpg,2
1pouting/2042pouting.jpg,1
0none/249none.jpg,0
2smile/3272smile.jpg,2
0none/1899none.jpg,0
0none/2969none.jpg,0
1pouting/2515pouting.jpg,1
1pouting/3013pouting.jpg,1
2smile/4447smile.jpg,2
1pouting/735pouting.jpg,1
2smile/3186smile.jpg,2
0none/4706none.jpg,0
3openmouth/179open.jpg,3
2smile/4646smile.jpg,2
1pouting/2893pouting.jpg,1
2smile/4797smile.jpg,2
0none/3414none.jpg,0
2smile/3619smile.jpg,2
2smile/2279smile.jpg,2
3openmouth/1473open.jpg,3
2smile/1835smile.jpg,2
0none/4537none.jpg,0
0none/2355none.jpg,0
2smile/3798smile.jpg,2
0none/2641none.jpg,0
2smile/2759smile.jpg,2
2smile/1475smile.jpg,2
1pouting/1758pouting.jpg,1
3openmouth/1665open.jpg,3
0none/1005none.jpg,0
2smile/496smile.jpg,2
2smile/3972smile.jpg,2
1pouting/238pouting.jpg,1
3openmouth/2155open.jpg,3
2smile/1518smile.jpg,2
2smile/317smile.jpg,2
0none/3696none.jpg,0
1pouting/1134pouting.jpg,1
0none/2768none.jpg,0
3openmouth/38open.jpg,3
2smile/1805smile.jpg,2
0none/674none.jpg,0
0none/1193none.jpg,0
2smile/816smile.jpg,2
1pouting/965pouting.jpg,1
0none/222none.jpg,0
2smile/2761smile.jpg,2
1pouting/2570pouting.jpg,1
2smile/3911smile.jpg,2
0none/3596none.jpg,0
3openmouth/824open.jpg,3
3openmouth/1655open.jpg,3
2smile/3905smile.jpg,2
3openmouth/1682open.jpg,3
2smile/2264smile.jpg,2
2smile/4598smile.jpg,2
3openmouth/9open.jpg,3
0none/1692none.jpg,0
0none/1759none.jpg,0
1pouting/1587pouting.jpg,1
3openmouth/964open.jpg,3
2smile/1471smile.jpg,2
0none/3167none.jpg,0
1pouting/1791pouting.jpg,1
0none/1800none.jpg,0
1pouting/522pouting.jpg,1
2smile/1548smile.jpg,2
3openmouth/2293open.jpg,3
2smile/1911smile.jpg,2
3openmouth/2135open.jpg,3
1pouting/709pouting.jpg,1
0none/2646none.jpg,0
1pouting/84pouting.jpg,1
2smile/4632smile.jpg,2
3openmouth/1825open.jpg,3
3openmouth/635open.jpg,3
2smile/4701smile.jpg,2
0none/3343none.jpg,0
3openmouth/2045open.jpg,3
3openmouth/374open.jpg,3
0none/4397none.jpg,0
2smile/4622smile.jpg,2
3openmouth/2244open.jpg,3
0none/3742none.jpg,0
2smile/2917smile.jpg,2
2smile/4188smile.jpg,2
3openmouth/1335open.jpg,3
3openmouth/1334open.jpg,3
2smile/3975smile.jpg,2
0none/366none.jpg,0
2smile/2086smile.jpg,2
1pouting/2689pouting.jpg,1
0none/2145none.jpg,0
1pouting/2095pouting.jpg,1
2smile/3237smile.jpg,2
1pouting/1969pouting.jpg,1
2smile/3143smile.jpg,2
0none/4232none.jpg,0
0none/1451none.jpg,0
2smile/2081smile.jpg,2
2smile/2487smile.jpg,2
1pouting/2648pouting.jpg,1
2smile/1775smile.jpg,2
0none/1598none.jpg,0
3openmouth/1889open.jpg,3
1pouting/2128pouting.jpg,1
1pouting/3064pouting.jpg,1
0none/2618none.jpg,0
2smile/234smile.jpg,2
3openmouth/1163open.jpg,3
0none/1960none.jpg,0
0none/1402none.jpg,0
0none/4063none.jpg,0
0none/2454none.jpg,0
2smile/2700smile.jpg,2
0none/1648none.jpg,0
2smile/3020smile.jpg,2
2smile/2620smile.jpg,2
2smile/3330smile.jpg,2
3openmouth/2001open.jpg,3
0none/241none.jpg,0
2smile/1967smile.jpg,2
0none/897none.jpg,0
1pouting/1847pouting.jpg,1
1pouting/2210pouting.jpg,1
1pouting/1559pouting.jpg,1
0none/2628none.jpg,0
2smile/297smile.jpg,2
2smile/3320smile.jpg,2
2smile/3670smile.jpg,2
0none/4361none.jpg,0
0none/2871none.jpg,0
2smile/3170smile.jpg,2
2smile/3746smile.jpg,2
2smile/2512smile.jpg,2
2smile/428smile.jpg,2
0none/2318none.jpg,0
3openmouth/361open.jpg,3
2smile/744smile.jpg,2
0none/547none.jpg,0
0none/3259none.jpg,0
2smile/2850smile.jpg,2
2smile/1211smile.jpg,2
1pouting/628pouting.jpg,1
0none/1512none.jpg,0
2smile/1558smile.jpg,2
2smile/4420smile.jpg,2
0none/3309none.jpg,0
1pouting/2348pouting.jpg,1
0none/2282none.jpg,0
1pouting/193pouting.jpg,1
1pouting/648pouting.jpg,1
3openmouth/2011open.jpg,3
0none/1535none.jpg,0
1pouting/2238pouting.jpg,1
1pouting/878pouting.jpg,1
0none/2712none.jpg,0
0none/44none.jpg,0
2smile/2497smile.jpg,2
2smile/3347smile.jpg,2
2smile/4392smile.jpg,2
2smile/1006smile.jpg,2
3openmouth/2308open.jpg,3
2smile/420smile.jpg,2
3openmouth/965open.jpg,3
0none/2133none.jpg,0
2smile/2442smile.jpg,2
2smile/3587smile.jpg,2
2smile/2530smile.jpg,2
1pouting/3034pouting.jpg,1
1pouting/2625pouting.jpg,1
0none/3879none.jpg,0
0none/1126none.jpg,0
0none/3793none.jpg,0
1pouting/2717pouting.jpg,1
0none/420none.jpg,0
1pouting/1615pouting.jpg,1
0none/3264none.jpg,0
1pouting/2365pouting.jpg,1
3openmouth/1387open.jpg,3
1pouting/983pouting.jpg,1
0none/2121none.jpg,0
2smile/405smile.jpg,2
1pouting/1759pouting.jpg,1
1pouting/2666pouting.jpg,1
2smile/3496smile.jpg,2
1pouting/117pouting.jpg,1
0none/2817none.jpg,0
3openmouth/71open.jpg,3
0none/1689none.jpg,0
2smile/4313smile.jpg,2
0none/1649none.jpg,0
1pouting/2781pouting.jpg,1
0none/3744none.jpg,0
0none/1388none.jpg,0
2smile/2957smile.jpg,2
2smile/3449smile.jpg,2
2smile/3815smile.jpg,2
2smile/1989smile.jpg,2
2smile/580smile.jpg,2
0none/4448none.jpg,0
1pouting/2567pouting.jpg,1
3openmouth/177open.jpg,3
3openmouth/1782open.jpg,3
2smile/275smile.jpg,2
2smile/1647smile.jpg,2
3openmouth/2166open.jpg,3
0none/186none.jpg,0
1pouting/1471pouting.jpg,1
1pouting/448pouting.jpg,1
0none/3716none.jpg,0
3openmouth/1517open.jpg,3
3openmouth/611open.jpg,3
0none/649none.jpg,0
3openmouth/423open.jpg,3
0none/3402none.jpg,0
2smile/2432smile.jpg,2
0none/4117none.jpg,0
0none/1569none.jpg,0
3openmouth/1146open.jpg,3
1pouting/433pouting.jpg,1
3openmouth/1838open.jpg,3
3openmouth/973open.jpg,3
1pouting/2433pouting.jpg,1
2smile/1184smile.jpg,2
2smile/4699smile.jpg,2
0none/1327none.jpg,0
0none/3420none.jpg,0
2smile/4710smile.jpg,2
3openmouth/212open.jpg,3
2smile/2794smile.jpg,2
0none/633none.jpg,0
0none/337none.jpg,0
0none/1606none.jpg,0
1pouting/3081pouting.jpg,1
2smile/2885smile.jpg,2
1pouting/876pouting.jpg,1
3openmouth/1783open.jpg,3
1pouting/2143pouting.jpg,1
0none/3522none.jpg,0
2smile/1640smile.jpg,2
0none/3345none.jpg,0
0none/804none.jpg,0
1pouting/2810pouting.jpg,1
3openmouth/1020open.jpg,3
1pouting/753pouting.jpg,1
3openmouth/1723open.jpg,3
0none/3500none.jpg,0
2smile/893smile.jpg,2
2smile/1702smile.jpg,2
0none/1934none.jpg,0
2smile/2380smile.jpg,2
2smile/4310smile.jpg,2
2smile/4686smile.jpg,2
1pouting/3002pouting.jpg,1
1pouting/1378pouting.jpg,1
0none/1586none.jpg,0
0none/981none.jpg,0
3openmouth/830open.jpg,3
1pouting/2170pouting.jpg,1
1pouting/1518pouting.jpg,1
0none/3463none.jpg,0
1pouting/1859pouting.jpg,1
3openmouth/748open.jpg,3
3openmouth/1829open.jpg,3
2smile/4081smile.jpg,2
3openmouth/2067open.jpg,3
0none/3701none.jpg,0
0none/743none.jpg,0
1pouting/2493pouting.jpg,1
1pouting/175pouting.jpg,1
0none/604none.jpg,0
2smile/1449smile.jpg,2
1pouting/940pouting.jpg,1
0none/3336none.jpg,0
2smile/4519smile.jpg,2
2smile/2801smile.jpg,2
0none/2045none.jpg,0
2smile/2171smile.jpg,2
1pouting/237pouting.jpg,1
0none/4651none.jpg,0
0none/1401none.jpg,0
0none/2480none.jpg,0
1pouting/112pouting.jpg,1
2smile/1247smile.jpg,2
0none/1496none.jpg,0
0none/2050none.jpg,0
1pouting/215pouting.jpg,1
1pouting/2777pouting.jpg,1
0none/923none.jpg,0
1pouting/1261pouting.jpg,1
0none/3826none.jpg,0
2smile/3627smile.jpg,2
1pouting/3057pouting.jpg,1
3openmouth/939open.jpg,3
2smile/3513smile.jpg,2
0none/3699none.jpg,0
2smile/1669smile.jpg,2
1pouting/2705pouting.jpg,1
1pouting/2703pouting.jpg,1
3openmouth/309open.jpg,3
2smile/2423smile.jpg,2
0none/3120none.jpg,0
2smile/3189smile.jpg,2
2smile/3524smile.jpg,2
1pouting/2725pouting.jpg,1
2smile/1448smile.jpg,2
0none/1705none.jpg,0
3openmouth/175open.jpg,3
0none/1079none.jpg,0
0none/3784none.jpg,0
1pouting/2992pouting.jpg,1
2smile/2478smile.jpg,2
3openmouth/1425open.jpg,3
1pouting/2929pouting.jpg,1
0none/3989none.jpg,0
0none/3115none.jpg,0
0none/3509none.jpg,0
2smile/2346smile.jpg,2
2smile/3114smile.jpg,2
2smile/964smile.jpg,2
1pouting/1527pouting.jpg,1
0none/3568none.jpg,0
2smile/319smile.jpg,2
1pouting/2904pouting.jpg,1
0none/4539none.jpg,0
2smile/158smile.jpg,2
0none/2301none.jpg,0
3openmouth/2330open.jpg,3
0none/3713none.jpg,0
1pouting/6pouting.jpg,1
3openmouth/2238open.jpg,3
1pouting/1285pouting.jpg,1
2smile/2501smile.jpg,2
0none/1471none.jpg,0
1pouting/1290pouting.jpg,1
2smile/2961smile.jpg,2
2smile/2795smile.jpg,2
0none/1116none.jpg,0
3openmouth/2112open.jpg,3
0none/1956none.jpg,0
2smile/2876smile.jpg,2
2smile/3762smile.jpg,2
1pouting/1105pouting.jpg,1
0none/1096none.jpg,0
3openmouth/1603open.jpg,3
3openmouth/736open.jpg,3
3openmouth/1502open.jpg,3
3openmouth/1895open.jpg,3
2smile/2627smile.jpg,2
1pouting/2596pouting.jpg,1
3openmouth/1288open.jpg,3
2smile/2633smile.jpg,2
2smile/818smile.jpg,2
2smile/3033smile.jpg,2
0none/4615none.jpg,0
3openmouth/382open.jpg,3
0none/3557none.jpg,0
1pouting/1488pouting.jpg,1
0none/121none.jpg,0
2smile/4345smile.jpg,2
2smile/4065smile.jpg,2
2smile/474smile.jpg,2
3openmouth/637open.jpg,3
2smile/3516smile.jpg,2
0none/4304none.jpg,0
1pouting/2788pouting.jpg,1
2smile/2984smile.jpg,2
0none/3273none.jpg,0
2smile/4366smile.jpg,2
0none/1445none.jpg,0
0none/3875none.jpg,0
3openmouth/636open.jpg,3
3openmouth/1054open.jpg,3
0none/1157none.jpg,0
2smile/3456smile.jpg,2
3openmouth/355open.jpg,3
3openmouth/25open.jpg,3
2smile/1610smile.jpg,2
2smile/3078smile.jpg,2
1pouting/1006pouting.jpg,1
0none/2566none.jpg,0
3openmouth/1831open.jpg,3
3openmouth/484open.jpg,3
3openmouth/1718open.jpg,3
1pouting/307pouting.jpg,1
1pouting/532pouting.jpg,1
2smile/2946smile.jpg,2
2smile/435smile.jpg,2
2smile/3210smile.jpg,2
2smile/4630smile.jpg,2
2smile/1090smile.jpg,2
0none/4360none.jpg,0
0none/4484none.jpg,0
1pouting/83pouting.jpg,1
1pouting/2376pouting.jpg,1
0none/455none.jpg,0
2smile/1007smile.jpg,2
0none/3757none.jpg,0
2smile/3267smile.jpg,2
3openmouth/1622open.jpg,3
2smile/1857smile.jpg,2
2smile/4193smile.jpg,2
2smile/1486smile.jpg,2
0none/2449none.jpg,0
1pouting/179pouting.jpg,1
1pouting/1446pouting.jpg,1
2smile/1760smile.jpg,2
2smile/4682smile.jpg,2
0none/1322none.jpg,0
0none/260none.jpg,0
1pouting/1653pouting.jpg,1
1pouting/80pouting.jpg,1
2smile/1859smile.jpg,2
3openmouth/536open.jpg,3
2smile/773smile.jpg,2
2smile/477smile.jpg,2
1pouting/2878pouting.jpg,1
2smile/2445smile.jpg,2
0none/274none.jpg,0
1pouting/599pouting.jpg,1
0none/1095none.jpg,0
3openmouth/43open.jpg,3
0none/441none.jpg,0
2smile/2161smile.jpg,2
0none/4032none.jpg,0
1pouting/422pouting.jpg,1
2smile/1162smile.jpg,2
0none/2795none.jpg,0
3openmouth/1520open.jpg,3
2smile/2722smile.jpg,2
2smile/3930smile.jpg,2
3openmouth/1736open.jpg,3
3openmouth/1360open.jpg,3
2smile/4405smile.jpg,2
0none/2823none.jpg,0
0none/2432none.jpg,0
1pouting/2918pouting.jpg,1
2smile/1377smile.jpg,2
0none/1568none.jpg,0
2smile/210smile.jpg,2
0none/4529none.jpg,0
0none/3511none.jpg,0
2smile/3067smile.jpg,2
2smile/1811smile.jpg,2
0none/3876none.jpg,0
3openmouth/471open.jpg,3
2smile/2690smile.jpg,2
1pouting/1565pouting.jpg,1
0none/4606none.jpg,0
0none/3564none.jpg,0
0none/3134none.jpg,0
2smile/3518smile.jpg,2
2smile/2806smile.jpg,2
1pouting/232pouting.jpg,1
1pouting/2626pouting.jpg,1
2smile/2318smile.jpg,2
0none/3919none.jpg,0
2smile/3996smile.jpg,2
0none/4732none.jpg,0
2smile/3781smile.jpg,2
0none/3625none.jpg,0
2smile/1433smile.jpg,2
2smile/3500smile.jpg,2
2smile/1043smile.jpg,2
0none/4154none.jpg,0
2smile/1817smile.jpg,2
1pouting/2463pouting.jpg,1
0none/5none.jpg,0
0none/4272none.jpg,0
0none/4393none.jpg,0
0none/2645none.jpg,0
2smile/2498smile.jpg,2
2smile/3291smile.jpg,2
3openmouth/325open.jpg,3
1pouting/2793pouting.jpg,1
1pouting/929pouting.jpg,1
2smile/65smile.jpg,2
1pouting/1458pouting.jpg,1
0none/2308none.jpg,0
2smile/3443smile.jpg,2
0none/4009none.jpg,0
2smile/4450smile.jpg,2
1pouting/153pouting.jpg,1
3openmouth/795open.jpg,3
1pouting/1351pouting.jpg,1
1pouting/1332pouting.jpg,1
2smile/3963smile.jpg,2
1pouting/1055pouting.jpg,1
2smile/678smile.jpg,2
2smile/4572smile.jpg,2
2smile/868smile.jpg,2
0none/375none.jpg,0
1pouting/856pouting.jpg,1
0none/128none.jpg,0
0none/3092none.jpg,0
3openmouth/1155open.jpg,3
0none/4712none.jpg,0
0none/2635none.jpg,0
1pouting/1751pouting.jpg,1
2smile/3153smile.jpg,2
2smile/1973smile.jpg,2
2smile/603smile.jpg,2
0none/2734none.jpg,0
0none/4094none.jpg,0
0none/3808none.jpg,0
0none/1704none.jpg,0
1pouting/2168pouting.jpg,1
2smile/283smile.jpg,2
0none/2081none.jpg,0
2smile/4020smile.jpg,2
0none/223none.jpg,0
2smile/2552smile.jpg,2
3openmouth/91open.jpg,3
3openmouth/1990open.jpg,3
2smile/71smile.jpg,2
2smile/3715smile.jpg,2
0none/3097none.jpg,0
0none/1006none.jpg,0
2smile/1719smile.jpg,2
0none/1740none.jpg,0
0none/3300none.jpg,0
1pouting/726pouting.jpg,1
3openmouth/2158open.jpg,3
2smile/1875smile.jpg,2
3openmouth/768open.jpg,3
3openmouth/50open.jpg,3
0none/25none.jpg,0
0none/2805none.jpg,0
0none/3390none.jpg,0
1pouting/2698pouting.jpg,1
1pouting/3086pouting.jpg,1
1pouting/736pouting.jpg,1
2smile/1165smile.jpg,2
0none/4047none.jpg,0
1pouting/3107pouting.jpg,1
1pouting/1203pouting.jpg,1
0none/324none.jpg,0
1pouting/2132pouting.jpg,1
1pouting/748pouting.jpg,1
1pouting/895pouting.jpg,1
1pouting/2714pouting.jpg,1
0none/2715none.jpg,0
3openmouth/919open.jpg,3
1pouting/2584pouting.jpg,1
1pouting/1880pouting.jpg,1
1pouting/2412pouting.jpg,1
0none/1503none.jpg,0
3openmouth/2026open.jpg,3
0none/1210none.jpg,0
2smile/1860smile.jpg,2
2smile/88smile.jpg,2
0none/2072none.jpg,0
2smile/4267smile.jpg,2
0none/577none.jpg,0
3openmouth/790open.jpg,3
0none/4356none.jpg,0
1pouting/2731pouting.jpg,1
1pouting/1219pouting.jpg,1
0none/4125none.jpg,0
1pouting/2457pouting.jpg,1
1pouting/2587pouting.jpg,1
2smile/2864smile.jpg,2
0none/1643none.jpg,0
3openmouth/1695open.jpg,3
0none/783none.jpg,0
2smile/1153smile.jpg,2
3openmouth/650open.jpg,3
0none/1612none.jpg,0
2smile/4333smile.jpg,2
0none/2559none.jpg,0
0none/3684none.jpg,0
0none/2347none.jpg,0
0none/148none.jpg,0
1pouting/2620pouting.jpg,1
0none/2059none.jpg,0
3openmouth/2171open.jpg,3
0none/4641none.jpg,0
1pouting/2302pouting.jpg,1
2smile/2218smile.jpg,2
2smile/545smile.jpg,2
1pouting/2547pouting.jpg,1
3openmouth/2117open.jpg,3
0none/1475none.jpg,0
2smile/246smile.jpg,2
0none/195none.jpg,0
1pouting/730pouting.jpg,1
0none/2436none.jpg,0
2smile/1758smile.jpg,2
0none/2925none.jpg,0
2smile/3939smile.jpg,2
2smile/1316smile.jpg,2
2smile/1422smile.jpg,2
2smile/1186smile.jpg,2
0none/630none.jpg,0
3openmouth/1277open.jpg,3
0none/1081none.jpg,0
0none/4072none.jpg,0
3openmouth/956open.jpg,3
2smile/702smile.jpg,2
3openmouth/1912open.jpg,3
1pouting/1190pouting.jpg,1
3openmouth/237open.jpg,3
3openmouth/426open.jpg,3
2smile/3236smile.jpg,2
2smile/844smile.jpg,2
3openmouth/1565open.jpg,3
2smile/1366smile.jpg,2
1pouting/713pouting.jpg,1
3openmouth/682open.jpg,3
2smile/94smile.jpg,2
2smile/1256smile.jpg,2
0none/4161none.jpg,0
1pouting/2673pouting.jpg,1
0none/93none.jpg,0
0none/2852none.jpg,0
0none/769none.jpg,0
3openmouth/1863open.jpg,3
1pouting/423pouting.jpg,1
2smile/2934smile.jpg,2
2smile/1424smile.jpg,2
1pouting/121pouting.jpg,1
0none/1256none.jpg,0
1pouting/887pouting.jpg,1
2smile/4589smile.jpg,2
1pouting/2295pouting.jpg,1
2smile/1266smile.jpg,2
3openmouth/800open.jpg,3
2smile/3644smile.jpg,2
1pouting/265pouting.jpg,1
3openmouth/2152open.jpg,3
0none/2314none.jpg,0
1pouting/2213pouting.jpg,1
0none/4658none.jpg,0
1pouting/2630pouting.jpg,1
2smile/4736smile.jpg,2
0none/4391none.jpg,0
2smile/1539smile.jpg,2
0none/3693none.jpg,0
2smile/2311smile.jpg,2
2smile/1587smile.jpg,2
0none/1328none.jpg,0
1pouting/269pouting.jpg,1
1pouting/2909pouting.jpg,1
1pouting/1738pouting.jpg,1
2smile/4759smile.jpg,2
3openmouth/1363open.jpg,3
2smile/3433smile.jpg,2
0none/2596none.jpg,0
2smile/649smile.jpg,2
1pouting/1811pouting.jpg,1
2smile/1472smile.jpg,2
0none/3994none.jpg,0
0none/2660none.jpg,0
2smile/2928smile.jpg,2
0none/2554none.jpg,0
2smile/1391smile.jpg,2
2smile/2295smile.jpg,2
2smile/157smile.jpg,2
2smile/4133smile.jpg,2
0none/3035none.jpg,0
0none/4570none.jpg,0
2smile/4259smile.jpg,2
2smile/2274smile.jpg,2
3openmouth/925open.jpg,3
2smile/509smile.jpg,2
2smile/367smile.jpg,2
0none/2270none.jpg,0
2smile/3711smile.jpg,2
0none/4657none.jpg,0
1pouting/1846pouting.jpg,1
1pouting/958pouting.jpg,1
0none/165none.jpg,0
2smile/3021smile.jpg,2
0none/1958none.jpg,0
0none/3299none.jpg,0
1pouting/2012pouting.jpg,1
3openmouth/1981open.jpg,3
0none/2162none.jpg,0
0none/1515none.jpg,0
2smile/1095smile.jpg,2
2smile/1011smile.jpg,2
0none/1047none.jpg,0
1pouting/932pouting.jpg,1
2smile/747smile.jpg,2
2smile/2039smile.jpg,2
0none/427none.jpg,0
0none/481none.jpg,0
2smile/3156smile.jpg,2
2smile/801smile.jpg,2
0none/977none.jpg,0
1pouting/2162pouting.jpg,1
2smile/3574smile.jpg,2
2smile/743smile.jpg,2
1pouting/671pouting.jpg,1
2smile/2535smile.jpg,2
0none/946none.jpg,0
1pouting/757pouting.jpg,1
0none/2508none.jpg,0
0none/2191none.jpg,0
2smile/2898smile.jpg,2
0none/2023none.jpg,0
1pouting/1480pouting.jpg,1
0none/2955none.jpg,0
0none/4054none.jpg,0
1pouting/3070pouting.jpg,1
1pouting/3008pouting.jpg,1
3openmouth/550open.jpg,3
2smile/4029smile.jpg,2
3openmouth/369open.jpg,3
0none/4340none.jpg,0
2smile/395smile.jpg,2
2smile/1155smile.jpg,2
0none/2796none.jpg,0
0none/1108none.jpg,0
1pouting/2676pouting.jpg,1
2smile/2532smile.jpg,2
2smile/4132smile.jpg,2
2smile/2671smile.jpg,2
3openmouth/1243open.jpg,3
3openmouth/1855open.jpg,3
0none/2678none.jpg,0
0none/2450none.jpg,0
1pouting/1326pouting.jpg,1
1pouting/1890pouting.jpg,1
0none/3824none.jpg,0
2smile/1927smile.jpg,2
0none/3467none.jpg,0
2smile/4520smile.jpg,2
1pouting/3024pouting.jpg,1
2smile/3582smile.jpg,2
0none/2573none.jpg,0
0none/3659none.jpg,0
0none/4355none.jpg,0
1pouting/2686pouting.jpg,1
0none/4034none.jpg,0
2smile/3489smile.jpg,2
2smile/3526smile.jpg,2
0none/442none.jpg,0
3openmouth/888open.jpg,3
1pouting/1899pouting.jpg,1
0none/1774none.jpg,0
2smile/1563smile.jpg,2
0none/3908none.jpg,0
0none/1000none.jpg,0
0none/3298none.jpg,0
2smile/3073smile.jpg,2
3openmouth/320open.jpg,3
2smile/873smile.jpg,2
0none/2903none.jpg,0
0none/2668none.jpg,0
0none/2443none.jpg,0
2smile/3373smile.jpg,2
3openmouth/1574open.jpg,3
2smile/4479smile.jpg,2
1pouting/2854pouting.jpg,1
3openmouth/1925open.jpg,3
3openmouth/2156open.jpg,3
0none/3768none.jpg,0
0none/4166none.jpg,0
1pouting/372pouting.jpg,1
2smile/4173smile.jpg,2
1pouting/973pouting.jpg,1
2smile/4470smile.jpg,2
0none/874none.jpg,0
1pouting/272pouting.jpg,1
3openmouth/707open.jpg,3
1pouting/250pouting.jpg,1
1pouting/2779pouting.jpg,1
2smile/3646smile.jpg,2
1pouting/198pouting.jpg,1
0none/4218none.jpg,0
0none/4362none.jpg,0
1pouting/1324pouting.jpg,1
2smile/2652smile.jpg,2
2smile/1239smile.jpg,2
2smile/221smile.jpg,2
1pouting/3054pouting.jpg,1
0none/1722none.jpg,0
3openmouth/1544open.jpg,3
0none/1489none.jpg,0
0none/1949none.jpg,0
0none/3122none.jpg,0
3openmouth/1867open.jpg,3
2smile/1456smile.jpg,2
1pouting/346pouting.jpg,1
0none/4664none.jpg,0
0none/3220none.jpg,0
2smile/270smile.jpg,2
1pouting/3000pouting.jpg,1
0none/2751none.jpg,0
0none/1733none.jpg,0
2smile/4199smile.jpg,2
0none/1996none.jpg,0
0none/1394none.jpg,0
2smile/100smile.jpg,2
3openmouth/474open.jpg,3
2smile/1434smile.jpg,2
0none/717none.jpg,0
3openmouth/1791open.jpg,3
3openmouth/362open.jpg,3
1pouting/1989pouting.jpg,1
0none/1574none.jpg,0
1pouting/2393pouting.jpg,1
1pouting/1649pouting.jpg,1
3openmouth/1218open.jpg,3
0none/2232none.jpg,0
3openmouth/745open.jpg,3
0none/3253none.jpg,0
1pouting/2022pouting.jpg,1
1pouting/2706pouting.jpg,1
2smile/1726smile.jpg,2
3openmouth/1896open.jpg,3
3openmouth/213open.jpg,3
1pouting/4pouting.jpg,1
0none/1350none.jpg,0
0none/2727none.jpg,0
0none/2429none.jpg,0
1pouting/1164pouting.jpg,1
1pouting/2923pouting.jpg,1
0none/1986none.jpg,0
2smile/429smile.jpg,2
0none/3834none.jpg,0
1pouting/652pouting.jpg,1
1pouting/8pouting.jpg,1
3openmouth/2280open.jpg,3
0none/2417none.jpg,0
3openmouth/1388open.jpg,3
3openmouth/855open.jpg,3
2smile/1135smile.jpg,2
2smile/3754smile.jpg,2
2smile/2585smile.jpg,2
1pouting/2209pouting.jpg,1
0none/53none.jpg,0
2smile/4364smile.jpg,2
0none/4714none.jpg,0
3openmouth/95open.jpg,3
1pouting/1943pouting.jpg,1
0none/2230none.jpg,0
3openmouth/1770open.jpg,3
1pouting/2232pouting.jpg,1
2smile/1605smile.jpg,2
2smile/3803smile.jpg,2
3openmouth/607open.jpg,3
0none/1199none.jpg,0
3openmouth/1627open.jpg,3
0none/286none.jpg,0
2smile/3474smile.jpg,2
1pouting/1773pouting.jpg,1
1pouting/1451pouting.jpg,1
1pouting/949pouting.jpg,1
1pouting/835pouting.jpg,1
2smile/3854smile.jpg,2
1pouting/1119pouting.jpg,1
1pouting/149pouting.jpg,1
2smile/3974smile.jpg,2
0none/2862none.jpg,0
2smile/3227smile.jpg,2
3openmouth/2265open.jpg,3
2smile/6smile.jpg,2
3openmouth/578open.jpg,3
0none/3027none.jpg,0
2smile/3744smile.jpg,2
